{"current":{"color_primary":"#000000","btn_primary":"rgba(0,0,0,0)","btn_primary_hover":"#ffffff","btn_primary_text":"#9d8188","btn_primary_text_hover":"#9d8188","color_body_bg":"#ffffff","color_body_text":"#000000","color_footer_bg":"#ffffff","color_footer_text":"#565656","color_footer_social_link":"#80725e","font":"'Open Sans', sans-serif","main_font_size":"12px","navigation-font":"'Montserrat', sans-serif","nav-weight":"400","navigation-transform":"uppercase","type_accent_family":"'Montserrat', sans-serif","btn_size":"13px","slide-title-font":"'Old Standard TT', serif","slide-title-size":"50px","slide-sub-title-font":"'Montserrat', sans-serif","slide-sub-title-size":"16px","caption-font":"'Cookie' , cursive","caption-size":"600px","btn-style":"'Montserrat', sans-serif","cta_size":"16px","logo_use_image":false,"logo_max_width":"450","favicon_enable":false,"menu-link1":true,"megamenu1_text":"Home pages","megamenu1_link":"","megamenu1_sub_toggle":false,"megamenu1_bg_toggle":false,"image_url_1":"","megamenu_sub_col__1":"","megamenu1_sub_col__2":"","megamenu1_sub_col__3":"","megamenu1_sub_col__4":"","megamenu1_new_1_label":"","megamenu1_sale_1_label":"","menu-link2":true,"megamenu2_text":"Pages New","megamenu2_link":"","megamenu2_sub_toggle":false,"megamenu2_bg_toggle":false,"image_url_2":"","megamenu2_sub_col__1":"","megamenu2_sub_col__2":"","megamenu2_sub_col__3":"","megamenu2_sub_col__4":"","megamenu2_new_1_label":"","megamenu2_sale_1_label":"","menu-link3":false,"megamenu3_text":"","megamenu3_link":"","megamenu3_sub_toggle":false,"megamenu3_bg_toggle":false,"image_url_3":"","megamenu3_sub_col__1":"","megamenu3_sub_col__2":"","megamenu3_sub_col__3":"","megamenu3_sub_col__4":"","megamenu3_new_1_label":"","megamenu3_sale_1_label":"","menu-link4":false,"megamenu4_text":"","megamenu4_link":"","megamenu4_sub_toggle":false,"megamenu4_bg_toggle":false,"image_url_4":"","megamenu4_sub_col__1":"","megamenu4_sub_col__2":"","megamenu4_sub_col__3":"","megamenu4_sub_col__4":"","megamenu4_new_1_label":"","megamenu4_sale_1_label":"","menu-link5":false,"megamenu5_text":"","megamenu5_link":"","megamenu5_sub_toggle":false,"megamenu5_bg_toggle":false,"image_url_5":"","megamenu5_sub_col__1":"","megamenu5_sub_col__2":"","megamenu5_sub_col__3":"","megamenu5_sub_col__4":"","megamenu5_new_1_label":"","megamenu5_sale_1_label":"","menu-link6":false,"megamenu6_text":"","megamenu6_link":"","megamenu6_sub_toggle":false,"megamenu6_bg_toggle":false,"image_url_6":"","megamenu6_sub_col__1":"","megamenu6_sub_col__2":"","megamenu6_sub_col__3":"","megamenu6_sub_col__4":"","megamenu6_new_1_label":"","megamenu6_sale_1_label":"","menu-link7":false,"megamenu7_text":"","megamenu7_link":"","megamenu7_sub_toggle":false,"megamenu7_bg_toggle":false,"image_url_7":"","megamenu7_sub_col__1":"","megamenu7_sub_col__2":"","megamenu7_sub_col__3":"","megamenu7_sub_col__4":"","megamenu7_new_1_label":"","megamenu7_sale_1_label":"","menu-link8":false,"megamenu8_text":"","megamenu8_link":"","megamenu8_sub_toggle":false,"megamenu8_bg_toggle":false,"image_url_8":"","megamenu8_sub_col__1":"","megamenu8_sub_col__2":"","megamenu8_sub_col__3":"","megamenu8_sub_col__4":"","megamenu8_new_1_label":"","megamenu8_sale_1_label":"","menu-link9":false,"megamenu9_text":"","megamenu9_link":"","megamenu9_sub_toggle":false,"megamenu9_bg_toggle":false,"image_url_9":"","megamenu9_sub_col__1":"","megamenu9_sub_col__2":"","megamenu9_sub_col__3":"","megamenu9_sub_col__4":"","megamenu9_new_1_label":"","megamenu9_sale_1_label":"","menu-link10":false,"megamenu10_text":"","megamenu10_link":"","megamenu10_sub_toggle":false,"megamenu10_bg_toggle":false,"image_url_10":"","megamenu10_sub_col__1":"","megamenu10_sub_col__2":"","megamenu10_sub_col__3":"","megamenu10_sub_col__4":"","megamenu10_new_1_label":"","megamenu10_sale_1_label":"","testimonial-title":"What our clients say","client-name-1":"NICKLAS MONIG","client-desi-1":"Stylist","client-tesimonil-1":"“At vero eos et accusam et justo duo dolores et ea rebum. Stet clita kasd gubergren, no sea takimata sanctus est Lorem ipsum dolor sit amet.“","client-name-2":"NICKLAS MONIG","client-desi-2":"CEO","client-tesimonil-2":"“At vero eos et accusam et justo duo dolores et ea rebum. Stet clita kasd gubergren, no sea takimata sanctus est Lorem ipsum dolor sit amet.“","client-name-3":"NICKLAS MONIG","client-desi-3":"Shop Owner","client-tesimonil-3":"“At vero eos et accusam et justo duo dolores et ea rebum. Stet clita kasd gubergren, no sea takimata sanctus est Lorem ipsum dolor sit amet.“","features":"What we are good at","sub-title":"OUR SERVICE CUSTOM FEATURES","progress-bar-title-1":"Modern Clothes Design","progress-bar-para-1":"At vero eos et accusam et justo duo dolores et ea rebum. Stet clita kasd gubergren, no sea takimata sanctus est Lorem ipsum dolor sit amet.","progress-bar-title-clr-1":"90%","progress-bar-title-2":"Styling","progress-bar-para-2":"At vero eos et accusam et justo duo dolores et ea rebum. Stet clita kasd gubergren, no sea takimata sanctus est Lorem ipsum dolor sit amet.","progress-bar-title-clr-2":"93%","progress-bar-title-3":"Marketing \/ Sales","progress-bar-para-3":"At vero eos et accusam et justo duo dolores et ea rebum. Stet clita kasd gubergren, no sea takimata sanctus est Lorem ipsum dolor sit amet.","progress-bar-title-clr-3":"84%","progress-bar-title-4":"Trendsetter","progress-bar-para-4":"At vero eos et accusam et justo duo dolores et ea rebum. Stet clita kasd gubergren, no sea takimata sanctus est Lorem ipsum dolor sit amet.","progress-bar-title-clr-4":"73%","about-btn":"Start shopping","about-btn-url":"#","show_multiple_currencies":true,"currency_format":"money_format","supported_currencies":"USD EUR","default_currency":"USD","share_facebook":true,"share_twitter":true,"share_pinterest":true,"share_gmail":true,"social_twitter_link":"#","social_facebook_link":"#","social_pinterest_link":"#","social_google_link":"","social_instagram_link":"#","social_tumblr_link":"","social_linkedin_link":"","social_youtube_link":"","social_vimeo_link":"","social_flickr_link":"","social_email_link":"","checkout_header_image":"","checkout_use_storefront_logo":false,"checkout_logo_image":"","checkout_logo_position":"left","checkout_logo_size":"medium","checkout_body_background_image":"","checkout_body_background_color":"#fff","checkout_input_background_color_mode":"white","checkout_sidebar_background_image":"","checkout_sidebar_background_color":"#fafafa","checkout_heading_font":"Helvetica Neue","checkout_body_font":"Helvetica Neue","checkout_accent_color":"#1990C6","checkout_button_color":"#1990C6","checkout_error_color":"#ff6d6d","megamenu1_hot_1_label":"","megamenu2_hot_1_label":"","megamenu3_hot_1_label":"","megamenu4_hot_1_label":"bouses","megamenu5_hot_1_label":"","megamenu6_hot_1_label":"","megamenu7_hot_1_label":"","megamenu8_hot_1_label":"","megamenu9_hot_1_label":"","megamenu10_hot_1_label":"","footer_social_enable":"1","footer_newsletter_enable":"1","newsletter_form_action":"","cart_notes_enable":"1","cart_vendor_enable":"0","ajax_cart_method":"drawer","shipping_calculator":"Enabled","shipping_calculator_heading":"Calculate shipping","shipping_calculator_default_country":"United States","shipping_calculator_submit_button_label":"Calculate","shipping_calculator_submit_button_label_disabled":"Calculating...","collection_banner_head_text":"Style Collections For Men","collection_banner_sub_head_text":"Dresses & Clothing","collection_banner_btn_text":"","collection_banner_btn_url":"","sidebar_enable":"1","sidebar_link":"collections","enable_swatches":"1","popular_collection":"frontpage","tab_title_1":"PRODUCT DESCRIPTION","tab_title_2":"customer-review","tab_title_3":"shipping-information","enable_sku":"1","enable_type":"1","enable_tags":"1","enable_related_products":"1","nav_size":"11px","color_secondary":"#bbb","color_borders":"#e5e5e5","footer_title_transform":"uppercase","footer_title_size":"10px","progress-bar-title-5":"","progress-bar-para-5":"","progress-bar-title-clr-5":"","progress-bar-title-6":"","progress-bar-para-6":"","progress-bar-title-clr-6":"","enable_support":true,"support_head_txt_1":"","support_sub_head_txt_1":"","support_head_txt_2":"","support_sub_head_txt_2":"","support_head_txt_3":"","support_sub_head_txt_3":"","experiences":"What we are good at","share_rss":true,"social_snapchat_link":"","sections":{"1483081763443":{"type":"homepage-slider","blocks":{"1483081763443-0":{"type":"image","settings":{"enable_slide":true,"bg_image":"","image":"shopify:\/\/shop_images\/man-1.png","slide_caption":"2016","caption_color":"#ecd3d9","main_title":"Modern men's clothing","subheading":"Tell your brand's story through video and images","link":"","link_title":"take a look"}},"1483081763443-1":{"type":"image","settings":{"enable_slide":true,"bg_image":"","image":"shopify:\/\/shop_images\/man-2.png","slide_caption":"Suit up","caption_color":"#c6dce3","main_title":"Modern men's clothing","subheading":"Fashion for spring and summer","link":"shopify:\/\/collections","link_title":"take a look"}},"1483081763443-2":{"type":"image","settings":{"enable_slide":true,"bg_image":"shopify:\/\/shop_images\/bg-3.jpg","image":"shopify:\/\/shop_images\/man-3.png","slide_caption":"suit up","caption_color":"#cde4dc","main_title":"Casual men's collection","subheading":"Fashion for spring and summer","link":"","link_title":"take a look"}},"1483081763443-3":{"type":"image","settings":{"enable_slide":false,"bg_image":"","image":"","slide_caption":"Slide caption","caption_color":"#fff","main_title":"Image slide","subheading":"Tell your brand's story through video and images","link":"","link_title":""}},"1483081763443-4":{"type":"image","settings":{"enable_slide":false,"bg_image":"","image":"","slide_caption":"Slide caption","caption_color":"#fff","main_title":"Image slide","subheading":"Tell your brand's story through video and images","link":"","link_title":""}},"1483081763443-5":{"type":"image","settings":{"enable_slide":false,"bg_image":"","image":"","slide_caption":"Slide caption","caption_color":"#fff","main_title":"Image slide","subheading":"Tell your brand's story through video and images","link":"","link_title":""}}},"block_order":["1483081763443-0","1483081763443-1","1483081763443-2","1483081763443-3","1483081763443-4","1483081763443-5"],"settings":{"enable_slider":true}},"header":{"type":"header","settings":{"logo_use_image":false,"logo":"","logo_max_width":"100"}},"1483176618930":{"type":"homepage-collection","settings":{"enable_featured_collection":true,"title":"Featured collection","collection":"","collection_title":"Latest Collections","collection_desc":"Lorem ipsum dolor sit amet, consetetur sadipscing elitr, sed diam nonumy eirmod tempor invidunt ut labore et dolore magna aliquyam erat, sed diam voluptua. At vero eos et accusam et justo duo dolores et ea rebum. Stet clita kasd gubergren, no sea takimata sanctus est Lorem ipsum dolor sit amet. Lorem ipsum dolor sit amet, consetetur sadipscing elitr, sed diam nonumy eirmod tempor invidunt ut labore et dolore magna aliquyam erat, sed diam voluptua. At vero eos et accusam et justo duo dolores et ea rebum. Stet clita kasd gubergren, no sea takimata sanctus est Lorem ipsum dolor sit amet.","collection_brand_title":"Our brands & marks","brand_image":"shopify:\/\/shop_images\/brands.png"}},"1483335100244":{"type":"Homepage-banner","blocks":{"1483335100244-0":{"type":"image","settings":{"banner_image_1":"","banner_title_1":"01","banner_link_1":"","banner_image_2":"","banner_title_2":"Women dresses","banner_link_2":""}},"1483335100244-1":{"type":"image","settings":{"banner_image_1":"","banner_title_1":"03","banner_link_1":"","banner_image_2":"","banner_title_2":"Accessories","banner_link_2":""}},"1485252281109":{"type":"image","settings":{"banner_image_1":"","banner_title_1":"Banner Text","banner_link_1":"","banner_image_2":"","banner_title_2":"title","banner_link_2":""}}},"block_order":["1483335100244-0","1483335100244-1","1485252281109"],"settings":{"enable_banner":true,"banner_title":"Welcome  to Fashionist","banner_desc":"At vero eos et accusam et justo dolores et ea rebum. Stet clite kasd gubergren, no sea takimata sanctus est Lorem ipsum dolor sit amet."}},"1483348072506":{"type":"homepage-product","blocks":{"1483348738725":{"type":"featured_collection","settings":{"collection":"frontpage"}},"1483348743817":{"type":"featured_collection","settings":{"collection":"sale"}},"1483348746272":{"type":"featured_collection","settings":{"collection":"top-sellers"}},"1483365096318":{"type":"featured_collection","settings":{"collection":"frontpage"}}},"block_order":["1483348738725","1483348743817","1483348746272","1483365096318"],"settings":{"enable_featured_product":true,"section_title":"Featured","collection_title_1":"New Arrivals","collection_title_2":"Top sellers","collection_title_3":"Sale","collection_title_4":"","grid":"3","grid_row":"1"}},"1483439863759":{"type":"homepage-shopping-area","settings":{"enable_shopping_area":true,"shop_image_1":"","shop_main_text":"We offer the latest fashion trends","shop_sub_text":"It's for everyone","shop_desc":"At vero eos et accusam et justo duo dolores et ea rebum. Lorem ipsum dolor sit amet, consetetur sadipscing elitr, sed diam nonumy eirmod tempor invidunt ut labore et dolore magna aliquyam erat, sed diam voluptua.","shop_button_text":"Start shopping","shop_link":"shopify:\/\/collections\/frontpage","shop_image_2":""}},"1483509161248":{"type":"homepage-blog","settings":{"blog_title":"Our Journal","blog":"news","post_limit":"3","blog_show_tag":true,"show_view_all":false}},"1483520929417":{"type":"newsletter","settings":{"title":"Newsletter","newsletter_title":"Be the first and get weekly updates","newsletter_bg":"","newsletter_form_action":""}},"footer":{"type":"footer","blocks":{"1483594173613":{"type":"image","settings":{"payment_icon":"shopify:\/\/shop_images\/discover.png"}},"1483594380045":{"type":"image","settings":{"payment_icon":"shopify:\/\/shop_images\/maestro.png"}},"1483594414281":{"type":"image","settings":{"payment_icon":"shopify:\/\/shop_images\/paypal.png"}},"1483594391266":{"type":"image","settings":{"payment_icon":"shopify:\/\/shop_images\/skrill.png"}},"1483594423630":{"type":"image","settings":{"payment_icon":"shopify:\/\/shop_images\/visa.png"}}},"block_order":["1483594173613","1483594380045","1483594414281","1483594391266","1483594423630"],"settings":{"footer_logo":"","footer_logo_max_width":"50","shop_description":"At vero eos et accusam et justo duo dolores et ea rebum. Stet clita kasd gubergren, no sea takimata sanctus est Lorem ipsum dolor sit amet. Lorem ipsum dolor sit amet, consetetur sadipscing elitr, sed diam nonumy.","footer_linklist_one":"about-us","footer_linklist_two":"information","footer_linklist_three":"help-center","footer_linklist_four":"company","footer_social_enable":true,"show_payment_icons":true}},"blog-template":{"type":"blog-template","settings":{"layout":"list","blog_show_sidebar":true,"blog_show_author":true}},"article-template":{"type":"article-template","settings":{"article_show_sidebar":true,"blog_show_author":true,"blog_show_tag":true,"show_share_buttons":true}},"contact-template":{"type":"contact-template","settings":{"display_google_map":true,"google_map_code":"<iframe src=\"https:\/\/www.google.com\/maps\/embed?pb=!1m18!1m12!1m3!1d317715.7119282365!2d-0.38178433715526855!3d51.52873519729368!2m3!1f0!2f0!3f0!3m2!1i1024!2i768!4f13.1!3m3!1m2!1s0x47d8a00baf21de75%3A0x52963a5addd52a99!2zTG9uZG9uLCBFZ3llc8O8bHQgS2lyw6FseXPDoWc!5e0!3m2!1shu!2srs!4v1471277427970\" width=\"100%\" height=\"100%\" style=\"border:0\" allowfullscreen><\/iframe>","enable_shipping_message":true,"shipping_main_text_1":"Phone number","shipping_sub_text_1":"+49 123 456 789 \/ +49 123 456 787","shipping_main_text_2":"E-mail address","shipping_sub_text_2":"info@fashionist.template.com","shipping_main_text_3":"Location address","shipping_sub_text_3":"78 Fashion Street, Beverly Hill Abony<br \/>NYC 12045"}},"collection-template":{"type":"collection-template","settings":{"show_sidebar":true,"sidebar_link":"collections","enable_swatches":true,"popular_collection":"frontpage","collection_image":"shopify:\/\/shop_images\/01.jpg","collection_main_text":"Style Collections For Men","collection_sub_text":"Dresses & Clothing","grid":"3","rows":"3"}},"collection-list-template":{"type":"collection-list-template","settings":{"show_sidebar":true,"sidebar_link":"collections","enable_swatches":true,"popular_collection":"frontpage","collection_image":"","collection_main_text":"Collection Main Text","collection_sub_text":"Collection Sub Text","num_products":"15"}},"product-template":{"type":"product-template","settings":{"product_show_compare_at_price":true,"product_quantity_enable":true,"product_image_zoom_enable":true,"product_sku_enable":true,"product_type_enable":true,"product_tag_enable":true,"social_sharing_products":true,"related_products_enable":true,"tab_title_1":"product description","tab_title_2":"","tab_title_3":"shipping-information","tab_title_4":"customer-review"}},"cart-template":{"type":"cart-template","settings":{"cart_vendor_enable":true,"shipping_calculator_enable":true,"shipping_calculator_heading":"Get shipping estimates","shipping_calculator_default_country":"United States","shipping_calculator_submit_button_label":"Calculate shipping","shipping_calculator_submit_button_label_disabled":"Calculating..."}}},"content_for_index":["1483081763443","1483176618930","1483335100244","1483348072506","1483439863759","1483509161248","1483520929417"]},"presets":{"Default":{"ajax_cart_method":"drawer","cart_notes_enable":true,"color_body_bg":"#fff","color_body_text":"#333333","color_borders":"#e5e5e5","color_footer_bg":"#f2f2f2","color_footer_social_link":"#bbbbbb","color_footer_text":"#636363","color_primary":"#747474","color_secondary":"#bbb","favicon_enable":false,"footer_newsletter_enable":true,"footer_social_enable":true,"logo_use_image":false,"social_facebook_link":"","social_twitter_link":""}}}