[{"name":"theme_info","logo":"https:\/\/cdn.shopify.com\/s\/files\/1\/0070\/7032\/files\/2010_6_23_Shopify-Green_256x256.jpg","settings":[{"type":"header","content":"Timber Framework"},{"type":"paragraph","content":"v2.1.0"},{"type":"paragraph","content":"Theme settings allow designers to provide an easy way for any user to customize the look and feel of their shop without having to delve into HTML or CSS code. Please see our [help page on theme settings](http:\/\/docs.shopify.com\/themes\/theme-templates\/settings) to learn more about how you can make the theme customizable."},{"type":"paragraph","content":"Review [Timber's documentation](http:\/\/shopify.github.io\/Timber\/) for any development help."}]},{"name":"Colors","settings":[{"type":"header","content":"General colors"},{"type":"color","id":"color_primary","label":"Primary","default":"#204a80","info":"Used for text links, and primary buttons"},{"type":"header","content":"Button Color"},{"type":"color","id":"btn_primary","label":"Button Color","default":"#204a80"},{"type":"color","id":"btn_primary_hover","label":"Button Hover Color","default":"#204a80"},{"type":"color","id":"btn_primary_text","label":"Button Text Color","default":"#204a80"},{"type":"color","id":"btn_primary_text_hover","label":"Button Text Hover Color","default":"#204a80"},{"type":"header","content":"Body"},{"type":"color","id":"color_body_bg","label":"Background","default":"#ffffff"},{"type":"color","id":"color_body_text","label":"Text","default":"#333333"},{"type":"header","content":"Footer"},{"type":"color","id":"color_footer_bg","label":"Background","default":"#f2f2f2"},{"type":"color","id":"color_footer_text","label":"Text","default":"#636363"},{"type":"color","id":"color_footer_social_link","label":"Social media icons","default":"#bbbbbb"}]},{"name":"Typography","settings":[{"type":"select","id":"font","label":"Main Font","options":[{"value":"'Cookie' , cursive","label":"Cookie","group":"cursive"},{"value":"'Open Sans', sans-serif","label":"Open Sans","group":"Sans-serif"},{"value":"'Montserrat', sans-serif","label":"Montserrat","group":"Sans-serif"},{"value":"'Old Standard TT', serif","label":"Old Standard TT Regular","group":"serif"}],"default":"'Open Sans', sans-serif","info":"Choose a font for main text areas within your site"},{"type":"select","id":"main_font_size","label":"Main font size","options":[{"value":"36px","label":"36px"},{"value":"34px","label":"34px"},{"value":"32px","label":"32px"},{"value":"30px","label":"30px"},{"value":"28px","label":"28px"},{"value":"26px","label":"26px"},{"value":"24px","label":"24px"},{"value":"22px","label":"22px"},{"value":"20px","label":"20px"},{"value":"18px","label":"18px"},{"value":"16px","label":"16px"},{"value":"14px","label":"14px"},{"value":"12px","label":"12px"}]},{"type":"header","content":"Navigation"},{"type":"select","id":"navigation-font","label":"Navigation font","options":[{"value":"'Cookie' , cursive","label":"Cookie","group":"cursive"},{"value":"'Open Sans', sans-serif","label":"Open Sans","group":"Sans-serif"},{"value":"'Montserrat', sans-serif","label":"Montserrat","group":"Sans-serif"},{"value":"'Old Standard TT', serif","label":"Old Standard TT Regular","group":"serif"}],"default":"'Montserrat', sans-serif"},{"type":"select","id":"nav-weight","label":"Weight","options":[{"value":"400","label":"Normal"},{"value":"300","label":"Light"},{"value":"700","label":"Bold"}]},{"type":"select","id":"navigation-transform","label":"Text case","options":[{"value":"uppercase","label":"All capitals"},{"value":"none","label":"As typed"}]},{"type":"header","content":"Buttons"},{"type":"select","id":"type_accent_family","label":"Font","options":[{"value":"'Cookie' , cursive","label":"Cookie","group":"cursive"},{"value":"'Open Sans', sans-serif","label":"Open Sans","group":"Sans-serif"},{"value":"'Montserrat', sans-serif","label":"Montserrat","group":"Sans-serif"},{"value":"'Old Standard TT', serif","label":"Old Standard TT Regular","group":"serif"}],"default":"'Montserrat', sans-serif"},{"type":"select","id":"btn_size","label":"Size","options":[{"value":"11px","label":"11px"},{"value":"12px","label":"12px"},{"value":"13px","label":"13px"},{"value":"14px","label":"14px"},{"value":"15px","label":"15px"},{"value":"16px","label":"16px"},{"value":"17px","label":"17px"},{"value":"18px","label":"18px"},{"value":"19px","label":"19px"},{"value":"20px","label":"20px"}]},{"type":"header","content":"Slideshow text"},{"type":"select","id":"slide-title-font","label":"Title font","options":[{"value":"'Cookie' , cursive","label":"Cookie","group":"cursive"},{"value":"'Open Sans', sans-serif","label":"Open Sans","group":"Sans-serif"},{"value":"'Montserrat', sans-serif","label":"Montserrat","group":"Sans-serif"},{"value":"'Old Standard TT', serif","label":"Old Standard TT Regular","group":"serif"}],"default":"'Old Standard TT', serif","info":"Choose a font for the Slide title text"},{"type":"select","id":"slide-title-size","label":"Slide title size","options":[{"value":"72px","label":"72px"},{"value":"50px","label":"50px"},{"value":"48px","label":"48px"},{"value":"46px","label":"46px"},{"value":"44px","label":"44px"},{"value":"42px","label":"42px"},{"value":"40px","label":"40px"},{"value":"38px","label":"38px"},{"value":"36px","label":"36px"},{"value":"34px","label":"34px"},{"value":"32px","label":"32px"},{"value":"30px","label":"30px"},{"value":"28px","label":"28px"},{"value":"26px","label":"26px"},{"value":"24px","label":"24px"},{"value":"22px","label":"22px"},{"value":"20px","label":"20px"},{"value":"18px","label":"18px"},{"value":"16px","label":"16px"},{"value":"14px","label":"14px"},{"value":"12px","label":"12px"}]},{"type":"select","id":"slide-sub-title-font","label":"Sub title font","options":[{"value":"'Cookie' , cursive","label":"Cookie","group":"cursive"},{"value":"'Open Sans', sans-serif","label":"Open Sans","group":"Sans-serif"},{"value":"'Montserrat', sans-serif","label":"Montserrat","group":"Sans-serif"},{"value":"'Old Standard TT', serif","label":"Old Standard TT Regular","group":"serif"}],"default":"'Montserrat', sans-serif","info":"Choose a font for the Slide sub-title text"},{"type":"select","id":"slide-sub-title-size","label":"Slide sub title size","options":[{"value":"72px","label":"72px"},{"value":"50px","label":"50px"},{"value":"48px","label":"48px"},{"value":"46px","label":"46px"},{"value":"44px","label":"44px"},{"value":"42px","label":"42px"},{"value":"40px","label":"40px"},{"value":"38px","label":"38px"},{"value":"36px","label":"36px"},{"value":"34px","label":"34px"},{"value":"32px","label":"32px"},{"value":"30px","label":"30px"},{"value":"28px","label":"28px"},{"value":"26px","label":"26px"},{"value":"24px","label":"24px"},{"value":"22px","label":"22px"},{"value":"20px","label":"20px"},{"value":"18px","label":"18px"},{"value":"16px","label":"16px"},{"value":"14px","label":"14px"},{"value":"12px","label":"12px"}]},{"type":"select","id":"caption-font","label":"Caption font","options":[{"value":"'Cookie' , cursive","label":"Cookie","group":"cursive"},{"value":"'Open Sans', sans-serif","label":"Open Sans","group":"Sans-serif"},{"value":"'Montserrat', sans-serif","label":"Montserrat","group":"Sans-serif"},{"value":"'Old Standard TT', serif","label":"Old Standard TT Regular","group":"serif"}],"default":"'Montserrat', sans-serif"},{"type":"select","id":"caption-size","label":"Caption size","options":[{"value":"300px","label":"300px"},{"value":"400px","label":"400px"},{"value":"500px","label":"500px"},{"value":"600px","label":"600px"},{"value":"700px","label":"700px"}]},{"type":"header","content":"Slider Button Font"},{"type":"select","id":"btn-style","label":"Slider Button font","options":[{"value":"'Cookie' , cursive","label":"Cookie","group":"cursive"},{"value":"'Open Sans', sans-serif","label":"Open Sans","group":"Sans-serif"},{"value":"'Montserrat', sans-serif","label":"Montserrat","group":"Sans-serif"},{"value":"'Old Standard TT', serif","label":"Old Standard TT Regular","group":"serif"}],"default":"'Montserrat', sans-serif"},{"type":"select","id":"cta_size","label":"Button text size","options":[{"value":"24px","label":"24px"},{"value":"23px","label":"23px"},{"value":"22px","label":"22px"},{"value":"21px","label":"21px"},{"value":"20px","label":"20px"},{"value":"19px","label":"19px"},{"value":"18px","label":"18px"},{"value":"17px","label":"17px"},{"value":"16px","label":"16px"},{"value":"15px","label":"15px"},{"value":"14px","label":"14px"},{"value":"13px","label":"13px"},{"value":"12px","label":"12px"},{"value":"10px","label":"10px"}],"info":"Call to action button text size"}]},{"name":"Header","settings":[{"type":"header","content":"Logo"},{"type":"checkbox","id":"logo_use_image","label":"Use custom logo"},{"type":"image","id":"logo.png","label":"Custom logo","max-width":450,"max-height":200,"info":"450 x 200px .png"},{"type":"text","id":"logo_max_width","label":"Max logo width","default":"450","info":"Defined in pixels. Do not add the 'px' unit."},{"type":"header","content":"Favicon"},{"type":"checkbox","id":"favicon_enable","label":"Use custom icon"},{"type":"image","id":"favicon.png","label":"Icon","max-width":32,"max-height":32,"info":"32 x 32px .png required"}]},{"name":"Navigation","settings":[{"type":"header","content":"Item 1"},{"type":"checkbox","id":"menu-link1","label":"Show Menu"},{"type":"text","id":"megamenu1_text","label":"Main Item name"},{"type":"text","id":"megamenu1_link","label":"Item URL"},{"type":"checkbox","id":"megamenu1_sub_toggle","label":"Show submenu"},{"type":"checkbox","id":"megamenu1_bg_toggle","label":"image"},{"type":"image","id":"megamenu1_bg.png","label":"Maximum image width is 364px","max-width":364},{"type":"text","id":"image_url_1","label":"Image URL"},{"type":"link_list","id":"megamenu_sub_col__1","label":"Column 1"},{"type":"link_list","id":"megamenu1_sub_col__2","label":"Column 2"},{"type":"link_list","id":"megamenu1_sub_col__3","label":"Column 3"},{"type":"link_list","id":"megamenu1_sub_col__4","label":"Column 4"},{"type":"text","id":"megamenu1_new_1_label","label":"New Label for:"},{"type":"text","id":"megamenu1_sale_1_label","label":"Sell Label for:"},{"type":"header","content":"Item 2"},{"type":"checkbox","id":"menu-link2","label":"Show Menu"},{"type":"text","id":"megamenu2_text","label":"Main Item name"},{"type":"text","id":"megamenu2_link","label":"Item URL"},{"type":"checkbox","id":"megamenu2_sub_toggle","label":"Show submenu"},{"type":"checkbox","id":"megamenu2_bg_toggle","label":"image"},{"type":"image","id":"megamenu2_bg.png","label":"Maximum image width is 364px","max-width":364},{"type":"text","id":"image_url_2","label":"Image URL"},{"type":"link_list","id":"megamenu2_sub_col__1","label":"Column 1"},{"type":"link_list","id":"megamenu2_sub_col__2","label":"Column 2"},{"type":"link_list","id":"megamenu2_sub_col__3","label":"Column 3"},{"type":"link_list","id":"megamenu2_sub_col__4","label":"Column 4"},{"type":"text","id":"megamenu2_new_1_label","label":"New Label for:"},{"type":"text","id":"megamenu2_sale_1_label","label":"Sell Label for:"},{"type":"header","content":"Item 3"},{"type":"checkbox","id":"menu-link3","label":"Show Menu"},{"type":"text","id":"megamenu3_text","label":"Main Item name"},{"type":"text","id":"megamenu3_link","label":"Item URL"},{"type":"checkbox","id":"megamenu3_sub_toggle","label":"Show submenu"},{"type":"checkbox","id":"megamenu3_bg_toggle","label":"image"},{"type":"image","id":"megamenu3_bg.png","label":"Maximum image width is 364px","max-width":364},{"type":"text","id":"image_url_3","label":"Image URL"},{"type":"link_list","id":"megamenu3_sub_col__1","label":"Column 1"},{"type":"link_list","id":"megamenu3_sub_col__2","label":"Column 2"},{"type":"link_list","id":"megamenu3_sub_col__3","label":"Column 3"},{"type":"link_list","id":"megamenu3_sub_col__4","label":"Column 4"},{"type":"text","id":"megamenu3_new_1_label","label":"New Label for:"},{"type":"text","id":"megamenu3_sale_1_label","label":"Sell Label for:"},{"type":"header","content":"Item 4"},{"type":"checkbox","id":"menu-link4","label":"Show Menu"},{"type":"text","id":"megamenu4_text","label":"Main Item name"},{"type":"text","id":"megamenu4_link","label":"Item URL"},{"type":"checkbox","id":"megamenu4_sub_toggle","label":"Show submenu"},{"type":"checkbox","id":"megamenu4_bg_toggle","label":"image"},{"type":"image","id":"megamenu4_bg.png","label":"Maximum image width is 364px","max-width":364},{"type":"text","id":"image_url_4","label":"Image URL"},{"type":"link_list","id":"megamenu4_sub_col__1","label":"Column 1"},{"type":"link_list","id":"megamenu4_sub_col__2","label":"Column 2"},{"type":"link_list","id":"megamenu4_sub_col__3","label":"Column 3"},{"type":"link_list","id":"megamenu4_sub_col__4","label":"Column 4"},{"type":"text","id":"megamenu4_new_1_label","label":"New Label for:"},{"type":"text","id":"megamenu4_sale_1_label","label":"Sell Label for:"},{"type":"header","content":"Item 5"},{"type":"checkbox","id":"menu-link5","label":"Main Item name"},{"type":"text","id":"megamenu5_text","label":"Item name"},{"type":"text","id":"megamenu5_link","label":"Item URL"},{"type":"checkbox","id":"megamenu5_sub_toggle","label":"Show submenu"},{"type":"checkbox","id":"megamenu5_bg_toggle","label":"image"},{"type":"image","id":"megamenu5_bg.png","label":"Maximum image width is 364px","max-width":364},{"type":"text","id":"image_url_5","label":"Image URL"},{"type":"link_list","id":"megamenu5_sub_col__1","label":"Column 1"},{"type":"link_list","id":"megamenu5_sub_col__2","label":"Column 2"},{"type":"link_list","id":"megamenu5_sub_col__3","label":"Column 3"},{"type":"link_list","id":"megamenu5_sub_col__4","label":"Column 3"},{"type":"text","id":"megamenu5_new_1_label","label":"New Label for:"},{"type":"text","id":"megamenu5_sale_1_label","label":"Sell Label for:"},{"type":"header","content":"Item 6"},{"type":"checkbox","id":"menu-link6","label":"Show Menu"},{"type":"text","id":"megamenu6_text","label":"Main Item name"},{"type":"text","id":"megamenu6_link","label":"Item URL"},{"type":"checkbox","id":"megamenu6_sub_toggle","label":"Show submenu"},{"type":"checkbox","id":"megamenu6_bg_toggle","label":"image"},{"type":"image","id":"megamenu6_bg.png","label":"Maximum image width is 364px","max-width":364},{"type":"text","id":"image_url_6","label":"Image URL"},{"type":"link_list","id":"megamenu6_sub_col__1","label":"Column 1"},{"type":"link_list","id":"megamenu6_sub_col__2","label":"Column 2"},{"type":"link_list","id":"megamenu6_sub_col__3","label":"Column 3"},{"type":"link_list","id":"megamenu6_sub_col__4","label":"Column 4"},{"type":"text","id":"megamenu6_new_1_label","label":"New Label for:"},{"type":"text","id":"megamenu6_sale_1_label","label":"Sell Label for:"},{"type":"header","content":"Item 7"},{"type":"checkbox","id":"menu-link7","label":"Show Menu"},{"type":"text","id":"megamenu7_text","label":"Main Item name"},{"type":"text","id":"megamenu7_link","label":"Item URL"},{"type":"checkbox","id":"megamenu7_sub_toggle","label":"Show submenu"},{"type":"checkbox","id":"megamenu7_bg_toggle","label":"image"},{"type":"image","id":"megamenu7_bg.png","label":"Maximum image width is 364px","max-width":364},{"type":"text","id":"image_url_7","label":"Image URL"},{"type":"link_list","id":"megamenu7_sub_col__1","label":"Column 1"},{"type":"link_list","id":"megamenu7_sub_col__2","label":"Column 2"},{"type":"link_list","id":"megamenu7_sub_col__3","label":"Column 3"},{"type":"link_list","id":"megamenu7_sub_col__4","label":"Column 4"},{"type":"text","id":"megamenu7_new_1_label","label":"New Label for:"},{"type":"text","id":"megamenu7_sale_1_label","label":"Sell Label for:"},{"type":"header","content":"Item 8"},{"type":"checkbox","id":"menu-link8","label":"Show Menu"},{"type":"text","id":"megamenu8_text","label":"Main Item name"},{"type":"text","id":"megamenu8_link","label":"Item URL"},{"type":"checkbox","id":"megamenu8_sub_toggle","label":"Show submenu"},{"type":"checkbox","id":"megamenu8_bg_toggle","label":"image"},{"type":"image","id":"megamenu8_bg.png","label":"Maximum image width is 364px","max-width":364},{"type":"text","id":"image_url_8","label":"Image URL"},{"type":"link_list","id":"megamenu8_sub_col__1","label":"Column 1"},{"type":"link_list","id":"megamenu8_sub_col__2","label":"Column 2"},{"type":"link_list","id":"megamenu8_sub_col__3","label":"Column 3"},{"type":"link_list","id":"megamenu8_sub_col__4","label":"Column 4"},{"type":"text","id":"megamenu8_new_1_label","label":"New Label for:"},{"type":"text","id":"megamenu8_sale_1_label","label":"Sell Label for:"},{"type":"header","content":"Item 9"},{"type":"checkbox","id":"menu-link9","label":"Show Menu"},{"type":"text","id":"megamenu9_text","label":"Main Item name"},{"type":"text","id":"megamenu9_link","label":"Item URL"},{"type":"checkbox","id":"megamenu9_sub_toggle","label":"Show submenu"},{"type":"checkbox","id":"megamenu9_bg_toggle","label":"image"},{"type":"image","id":"megamenu9_bg.png","label":"Maximum image width is 364px","max-width":364},{"type":"text","id":"image_url_9","label":"Image URL"},{"type":"link_list","id":"megamenu9_sub_col__1","label":"Column 1"},{"type":"link_list","id":"megamenu9_sub_col__2","label":"Column 2"},{"type":"link_list","id":"megamenu9_sub_col__3","label":"Column 3"},{"type":"link_list","id":"megamenu9_sub_col__4","label":"Column 4"},{"type":"text","id":"megamenu9_new_1_label","label":"New Label for:"},{"type":"text","id":"megamenu9_sale_1_label","label":"Sell Label for:"},{"type":"header","content":"Item 10"},{"type":"checkbox","id":"menu-link10","label":"Show Menu"},{"type":"text","id":"megamenu10_text","label":"Main Item name"},{"type":"text","id":"megamenu10_link","label":"Item URL"},{"type":"checkbox","id":"megamenu10_sub_toggle","label":"Show submenu"},{"type":"checkbox","id":"megamenu10_bg_toggle","label":"image"},{"type":"image","id":"megamenu10_bg.png","label":"Maximum image width is 364px","max-width":364},{"type":"text","id":"image_url_10","label":"Image URL"},{"type":"link_list","id":"megamenu10_sub_col__1","label":"Column 1"},{"type":"link_list","id":"megamenu10_sub_col__2","label":"Column 2"},{"type":"link_list","id":"megamenu10_sub_col__3","label":"Column 3"},{"type":"link_list","id":"megamenu10_sub_col__4","label":"Column 4"},{"type":"text","id":"megamenu10_new_1_label","label":"New Label for:"},{"type":"text","id":"megamenu10_sale_1_label","label":"Sell Label for:"}]},{"name":"Page","settings":[{"type":"header","content":"Testimonial title"},{"type":"text","id":"testimonial-title","label":"Testimonial Title"},{"type":"header","content":"Client 1"},{"type":"image","id":"client-img-1.jpg","label":"Client Image"},{"type":"text","id":"client-name-1","label":"Client Name"},{"type":"text","id":"client-desi-1","label":"Client Designation"},{"type":"textarea","id":"client-tesimonil-1","label":"Client Testimonial"},{"type":"header","content":"Client 2"},{"type":"image","id":"client-img-2.jpg","label":"Client Image"},{"type":"text","id":"client-name-2","label":"Client Name"},{"type":"text","id":"client-desi-2","label":"Client Designation"},{"type":"textarea","id":"client-tesimonil-2","label":"Client Testimonial"},{"type":"header","content":"Client 3"},{"type":"image","id":"client-img-3.jpg","label":"Client Image"},{"type":"text","id":"client-name-3","label":"Client Name"},{"type":"text","id":"client-desi-3","label":"Client Designation"},{"type":"textarea","id":"client-tesimonil-3","label":"Client Testimonial"},{"type":"header","content":"Service and Features"},{"type":"text","id":"features","label":"Title"},{"type":"text","id":"sub-title","label":"Sub Title"},{"type":"text","id":"progress-bar-title-1","label":"Progress Bar Title"},{"type":"textarea","id":"progress-bar-para-1","label":"Progress Bar Paragraph"},{"type":"text","id":"progress-bar-title-clr-1","label":"Progress Bar"},{"type":"text","id":"progress-bar-title-2","label":"Progress Bar Title"},{"type":"textarea","id":"progress-bar-para-2","label":"Progress Bar Paragraph"},{"type":"text","id":"progress-bar-title-clr-2","label":"Progress Bar"},{"type":"text","id":"progress-bar-title-3","label":"Progress Bar Title"},{"type":"textarea","id":"progress-bar-para-3","label":"Progress Bar Paragraph"},{"type":"text","id":"progress-bar-title-clr-3","label":"Progress Bar"},{"type":"text","id":"progress-bar-title-4","label":"Progress Bar Title"},{"type":"textarea","id":"progress-bar-para-4","label":"Progress Bar Paragraph"},{"type":"text","id":"progress-bar-title-clr-4","label":"Progress Bar"},{"type":"text","id":"about-btn","label":"About button title"},{"type":"text","id":"about-btn-url","label":"About button url"}]},{"name":"Currency","settings":[{"type":"paragraph","content":"To offer multiple currencies on your online store, you must first [edit your store's currency formatting](https:\/\/help.shopify.com\/manual\/using-themes\/troubleshooting\/help-script-find-money-formats)."},{"type":"checkbox","id":"show_multiple_currencies","label":"Enable currency conversion","default":true,"info":"Even though prices are displayed in different currencies, orders will still be processed in your store's currency."},{"type":"select","id":"currency_format","label":"Format","options":[{"value":"money_format","label":"Without currency ($10.00)"},{"value":"money_with_currency_format","label":"With currency ($10.00 CAD)"}],"default":"money_with_currency_format"},{"type":"text","id":"supported_currencies","label":"Supported currencies","default":"INR GBP CAD USD AUD EUR JPY","info":"Use the country's ISO [currency code](http:\/\/www.xe.com\/iso4217.php). Separate your currency codes with a space."},{"type":"text","id":"default_currency","label":"Default currency","default":"USD"}]},{"name":"Social media","settings":[{"type":"header","content":"Social sharing options"},{"type":"checkbox","id":"share_facebook","label":"Share on Facebook","default":true},{"type":"checkbox","id":"share_twitter","label":"Tweet on Twitter","default":true},{"type":"checkbox","id":"share_pinterest","label":"Pin on Pinterest","default":true},{"type":"checkbox","id":"share_gmail","label":"Share on Gmail","default":true},{"type":"header","content":"Social accounts"},{"type":"text","id":"social_twitter_link","label":"Twitter","info":"https:\/\/twitter.com\/shopify"},{"type":"text","id":"social_facebook_link","label":"Facebook","info":"https:\/\/facebook.com\/shopify"},{"type":"text","id":"social_pinterest_link","label":"Pinterest","info":"https:\/\/pinterest.com\/shopify"},{"type":"text","id":"social_google_link","label":"Google+","info":"https:\/\/plus.google.com\/+shopify"},{"type":"text","id":"social_instagram_link","label":"Instagram","info":"http:\/\/instagram.com\/shopify"},{"type":"text","id":"social_tumblr_link","label":"Tumblr","info":"http:\/\/shopify.tumblr.com"},{"type":"text","id":"social_linkedin_link","label":"LinkedIn","info":"https:\/\/www.linkedin.com\/company\/shopify"},{"type":"text","id":"social_youtube_link","label":"YouTube","info":"https:\/\/www.youtube.com\/shopify"},{"type":"text","id":"social_vimeo_link","label":"Vimeo","info":"https:\/\/vimeo.com\/shopify"},{"type":"text","id":"social_flickr_link","label":"Flickr","info":"https:\/\/www.flickr.com\/photos\/shopify\/"},{"type":"text","id":"social_email_link","label":"Email","info":"mailto:contact@shopify.com"}]}]